,Elapsed_Times,Throughput,Latency,GPU_Memory_Usage,framework,uni_or_work,nb_or_py,batch_size,energy,time,power_watts,energy_eff,time_eff,power_eff,gpu_name,ema_energy_joules,ema_time_sec,ema_energy_x_time_joulsec
0,8.79304234981537,58.297133412878416,0.0171739108394831,2284060672.0,Tf,uni,py,8,202614100.0,8796137.1,23.03444087973572,0.2877249580008421,6.62758353469484,2.530868177667149,Ampere A2,202.6141,8.7961371,1782.22140199311
1,4.679872512817383,109.40575597643488,0.009140376001596399,2418278400.0,Tf,uni,py,16,126026300.0,4695010.9,26.842600088532272,0.8681184481051564,23.30255633196397,4.075825576344794,Ampere A2,126.0263,4.695010900000001,591.6948521866701
2,2.5157584667205812,203.78486763849804,0.00491359075531358,2686713856.0,Tf,uni,py,32,80361400.0,2517915.3,31.91584720899865,2.5358551199767305,80.93396455333428,6.385068405172746,Ampere A2,80.3614,2.5179153,202.34319858941998
3,1.583876371383667,323.7383032708172,0.00309350853785867,3223584768.0,Tf,uni,py,64,60136600.0,1587674.1,37.87716887237752,5.383382220990499,203.90727748901188,8.547056522667091,Ampere A2,60.1366,1.5876741,95.47732228206
4,1.1857615470886231,432.1908617634771,0.00231594052165741,4297326592.0,Tf,uni,py,128,53074600.0,1188361.1,44.662013928258,8.143082788442626,363.68647691638256,9.676922819864748,Ampere A2,53.0746,1.1883611,63.07179003806
5,1.0919030904769897,469.2362172652785,0.00213262322358782,10739777536.0,Tf,uni,py,512,57866100.0,1113970.2,51.945824044485214,8.10900021368778,421.22869827691846,9.03318458984182,Ampere A2,57.8661,1.1139702,64.46111099022
6,1.1881285667419434,430.93193935446516,0.00232056360691782,6444810240.0,Tf,uni,py,256,54169400.0,1191232.3,45.4734143793784,7.9552651377800965,361.7530681080971,9.4765687871876,Ampere A2,54.1694,1.1912323,64.52833895162
7,0.7506638526916504,682.0960633923395,0.00146614033728834,6457393152.0,Tfxla,uni,py,128,30103500.0,753407.5,39.95646446312254,22.65836409029978,905.3481195665553,17.070981443362534,Ampere A2,30.1035,0.7534075,22.68020267625
8,0.6097717523574829,839.797381719179,0.00119096045382318,4305715200.0,Tfxla,uni,py,32,27973100.0,612379.2,45.67937643865109,30.02160581841766,1371.368233472298,18.38460695379795,Ampere A2,27.9731,0.6123791999999999,17.130144599519998
9,0.651793098449707,785.5453580150106,0.00127303339540953,3227779072.0,Tfxla,uni,py,16,28349300.0,655141.7,43.27201275693488,27.709515156106523,1199.0464933235216,18.15365886554739,Ampere A2,28.3493,0.6551416999999999,18.57280859581
10,1.0216942310333252,501.1474045812155,0.00199549654498692,2688811008.0,Tfxla,uni,py,8,37248600.0,1023943.5,36.37759309961927,13.454127257969843,489.4287669009233,13.776266153971044,Ampere A2,37.2486,1.0239435,38.140461854099996
11,0.7328279733657836,698.8678477788901,0.00143130463548001,10754457600.0,Tfxla,uni,py,256,30877800.0,736608.2,41.91889256731055,22.633343300976435,948.764686272689,16.671906268914306,Ampere A2,30.8778,0.7366081999999999,22.74484067796
12,0.7320421457290649,700.2710983381384,0.00142976981587703,14648868864.0,Tfxla,uni,py,512,32315800.0,734448.7,44.000077881545714,21.66961976303042,953.4649572368205,15.915224064451996,Ampere A2,32.3158,0.7344487,23.73429729946
13,0.7792206287384034,657.0699087046564,0.0015219152905046498,4307812352.0,Tfxla,uni,py,64,30531900.0,781903.7,39.04815899963128,21.52076708965562,840.3463351109049,16.827167414239963,Ampere A2,30.5319,0.7819037,23.87300557803
14,8.573801016807556,59.7187747833018,0.0167457051109522,10739777536.0,Keras,uni,py,8,222144500.0,8576431.1,25.90174134320277,0.26882850929598434,6.963126513463368,2.3055891876927195,Ampere A2,222.1445,8.576431099999999,1905.2069984939496
15,4.471297097206116,114.56743545185456,0.00873300214298065,10739777536.0,Keras,uni,py,16,127361300.0,4473830.2,28.468067473816955,0.89954668688098,25.608355777976232,4.024419134078072,Ampere A2,127.3613,4.4738302,569.79283025126
16,2.4033021211624144,213.04820418977792,0.00469394945539529,10739777536.0,Keras,uni,py,32,81024900.0,2406767.4,33.66544685622716,2.629416440992558,88.5204794571249,6.328393771204911,Ampere A2,81.0249,2.4067674,195.00808790826002
17,1.4272135972976685,359.3218340934792,0.0027875265572219602,10739777536.0,Keras,uni,py,64,60215500.0,1430865.0,42.08328528547417,5.967264808786428,251.12210732212975,8.538350360624193,Ampere A2,60.2155,1.430865,86.1602514075
18,1.075896668434143,475.88942787505573,0.00210136068053538,10739777536.0,Keras,uni,py,128,55732700.0,1085453.7,51.34507349323145,8.538782938473387,438.4244375186668,9.26845353406281,Ampere A2,55.7327,1.0854537,60.49526542599
19,1.0802441596984864,473.9863403344504,0.00210985187441107,10739777536.0,Keras,uni,py,256,57245200.0,1088402.9,52.59559672250047,8.279931598360218,435.4879432372428,9.011901563456897,Ampere A2,57.2452,1.0884029,62.30584169107999
20,1.0836649894714356,472.887208359629,0.00211653318256137,10739777536.0,Keras,uni,py,512,59110800.0,1105924.4,53.44922311145319,8.000013675328857,427.5945158273288,8.84741032387986,Ampere A2,59.1108,1.1059244,65.37207602352
21,0.6512944221496582,786.1595218371596,0.001272059418261,14655160320.0,Kerasxla,uni,py,16,29389600.0,653877.2,44.9466658265497,26.749582227630167,1202.304533385106,17.490941928172575,Ampere A2,29.3896,0.6538771999999999,19.21718935712
22,1.0034547567367553,510.3398385501243,0.0019598725717514297,14650966016.0,Kerasxla,uni,py,8,37027900.0,1007281.9,36.76021578467756,13.782575802303784,506.6504605613625,13.882939141038579,Ampere A2,37.0279,1.0072819,37.29753346501
23,0.6041820526123047,847.4858701922312,0.00118004307150835,14657257472.0,Kerasxla,uni,py,32,28521700.0,606747.1,47.00755883299649,29.713722190200137,1396.7695440031462,18.02871476910958,Ampere A2,28.5217,0.6067471,17.30545876207
24,0.7357393026351928,696.7094727696646,0.0014369908254593098,14667743232.0,Kerasxla,uni,py,512,32930900.0,738996.3,44.56165748055842,21.156709132445958,942.7780257758591,15.634729769053775,Ampere A2,32.9309,0.7389963,24.335813255670004
25,0.7411645174026489,690.9666065384505,0.00144758694805201,14663548928.0,Kerasxla,uni,py,256,32339000.0,743938.8,43.469973605355705,21.366356613947573,928.7949580509182,15.89526169975222,Ampere A2,32.339,0.7439388,24.0582368532
26,0.7573155641555787,676.1032494600445,0.00147913196124134,14663548928.0,Kerasxla,uni,py,128,31375400.0,759542.0,41.308314747571565,21.548832826355824,890.1459688339085,16.367243582595954,Ampere A2,31.3754,0.759542,23.8309340668
27,0.7837987899780273,653.2314757058667,0.00153085701167578,14659354624.0,Kerasxla,uni,py,64,31729000.0,786865.4,40.3232878202549,20.58783685920977,830.1692712703681,16.19985648535684,Ampere A2,31.729,0.7868654,24.966452276600002
28,0.7929667949676513,645.9397195994964,0.0015487632714211602,15313666048.0,Tftrtfp16,uni,py,128,24039200.0,795164.9,30.231716716872185,26.87026688074047,812.3342964452987,21.36629307719731,Ampere A2,24.0392,0.7951649000000001,19.115128064080004
29,0.604087233543396,857.9921492274627,0.00117985787801441,15290597376.0,Tftrtfp16,uni,py,16,19208800.0,615877.4,31.18932436877859,44.66661890526544,1393.1216654929417,27.509161118165725,Ampere A2,19.2088,0.6158774,11.830265801120001
30,0.8320320606231689,622.6970641821317,0.0016250626184046001,15284305920.0,Tftrtfp16,uni,py,8,24051900.0,834805.9,28.81136800782074,25.889724478404272,745.9183795683903,21.61289474394631,Ampere A2,24.0519,0.8348059,20.07866802621
31,0.5306868076324462,975.4766827186064,0.00103649767115708,15298985984.0,Tftrtfp16,uni,py,32,18101600.0,534138.0,33.88936941389678,53.88897571035745,1826.2634051848145,28.78414970797891,Ampere A2,18.1016,0.534138,9.6687524208
32,0.8538311004638672,601.0570969562345,0.00166763886809345,15305277440.0,Tftrtfp16,uni,py,64,24885200.0,857637.0,29.016005606101416,24.15319535130256,700.8292517186578,20.714674001505077,Ampere A2,24.8852,0.857637,21.3424682724
33,0.7543373823165893,678.7435735220666,0.00147331519983704,15328346112.0,Tftrtfp16,uni,py,512,23928700.0,756517.5,31.630068042047935,28.365250662261914,897.1948084770895,21.45880851788773,Ampere A2,23.9287,0.7565175,18.102480302249997
34,0.7856380462646484,652.7204796863826,0.0015344493091106,15322054656.0,Tftrtfp16,uni,py,256,24622600.0,799792.1,30.786250576868664,26.5089990369166,816.1126868924846,21.201688008633504,Ampere A2,24.6226,0.7997921,19.69296096146
35,0.9739223718643188,529.8405052950973,0.0019021921325474498,6639845376.0,Tftrtfp32,uni,py,8,31434800.0,984045.1,31.94447083776953,16.85522113374659,538.4311199711245,16.586297766079774,Ampere A2,31.4348,0.9840451,30.933260909479998
36,0.7701962709426879,669.3065509261421,0.00150428959168489,6639845376.0,Tftrtfp32,uni,py,16,27533700.0,772583.2,35.638491750791374,24.3086309114337,866.3229422101622,18.780439857174365,Ampere A2,27.5337,0.7725831999999999,21.272074053839997
37,0.6440635919570923,800.6222083987499,0.00125793670304113,6637748224.0,Tftrtfp32,uni,py,32,26068200.0,655074.2,39.79427063376943,30.712600348269152,1222.1855301258238,20.119032103062136,Ampere A2,26.0682,0.6550741999999999,17.076605260439997
38,0.5480504989624023,948.5408188388112,0.00107041113078591,6646136832.0,Tftrtfp32,uni,py,64,23984100.0,550438.8,43.572691459977015,39.5487351553242,1723.2448345552878,21.769158320414473,Ampere A2,23.9841,0.5504388,13.20177922308
39,0.7038512229919434,735.8775312170761,0.00137470941990609,6669205504.0,Tftrtfp32,uni,py,128,28009000.0,706185.2,39.662400174911625,26.272895541328722,1042.0460967138313,18.55352999243233,Ampere A2,28.009,0.7061852,19.7795412668
40,0.7879764795303345,651.6651061716457,0.00153901656158264,6660816896.0,Tftrtfp32,uni,py,256,31062700.0,791996.2,39.22076898853808,20.979023271371958,822.8134253316439,16.615306710638155,Ampere A2,31.0627,0.7919961999999999,24.601540361739996
41,0.8975141048431396,570.4661443393659,0.0017529572360216999,15259140096.0,Tftrtfp32,uni,py,512,34666200.0,900302.6,38.50505374526298,16.455975686385177,633.6382282350022,14.815357695989363,Ampere A2,34.6662,0.9003026,31.21006999212
42,0.6935128688812255,738.27042246994,0.0013545173220336,11006115840.0,Onnxrt,uni,py,256,39558200.0,702487.9,56.31157490399479,18.662892206165598,1050.9368523926746,13.110455953835638,Ampere A2,39.5582,0.7024879,27.789156845780003
43,0.812199330329895,630.3872127575453,0.00158632681705051,2684616704.0,Onnxrt,uni,py,8,45296400.0,929669.0,48.723147700955934,13.916938493071088,678.0770497430218,12.938146291914906,Ampere A2,45.2964,0.929669,42.110658891599996
44,0.758602523803711,674.9253082958782,0.0014816455543040798,2953052160.0,Onnxrt,uni,py,16,42433800.0,853149.0,49.73785352851612,15.905370442804514,791.0989854010004,13.569650887908228,Ampere A2,42.4338,0.853149,36.2023540362
45,0.7034620046615601,727.8290623121246,0.00137394922785455,4563664896.0,Onnxrt,uni,py,64,40228400.0,789327.0,50.96544271258933,18.09241884619136,922.0881362377376,14.28083469060769,Ampere A2,40.2284,0.789327,31.7533622868
46,0.697014856338501,734.5611642668873,0.0013613571412860802,6711148544.0,Onnxrt,uni,py,128,38982900.0,724100.2,53.83633370077788,18.84316365039254,1014.4468462609005,13.644338567881967,Ampere A2,38.9829,0.7241002,28.227525686579998
47,0.7235292196273804,707.6425318698449,0.00141314300708468,3489923072.0,Onnxrt,uni,py,32,40131500.0,801086.6,50.09633165752616,17.633094498582032,883.3533501494657,14.12563571934779,Ampere A2,40.1315,0.8010866,32.1488068879
48,0.6934200525283813,738.3692381993712,0.00135433604009444,16079126528.0,Onnxrt,uni,py,512,40921700.0,695262.1,58.85794724032851,18.043464425949345,1062.0012772152706,12.544936968060835,Ampere A2,40.9217,0.6952621,28.45130707757
49,0.19862415790557858,644.4355415415214,0.0015517512336372902,14434959360.0,Torch,uni,py,256,10444800.0,201208.1,51.91043501727813,61.69917485653353,3202.8310070097646,12.414373744450883,Ampere A2,10.4448,0.2012081,2.10157836288
50,0.19872169494628902,644.1212297118471,0.00155251324176783,12969888972.8,Torch,uni,py,128,9988600.0,201686.6,49.52535270067521,64.48563659690518,3193.6738965892982,13.005888794065378,Ampere A2,9.9886,0.2016866,2.01456677276
51,0.20407738685607907,627.2145591979024,0.00159435458481306,7438440857.6,Torch,uni,py,64,10251100.0,206685.9,49.59748100862226,61.18509810634004,3034.6267413398905,12.646097068697188,Ampere A2,10.2511,0.2066859,2.11875782949
52,0.20197253227233883,633.7683013328092,0.0015779104083775998,4700818636.8,Torch,uni,py,32,10199500.0,204968.6,49.76128050833152,62.13719313033082,3092.026297358762,12.736173483853527,Ampere A2,10.1995,0.2049686,2.0905772357
53,0.213906455039978,598.4766323982888,0.0016711441799997899,3280574873.6,Torch,uni,py,16,10210900.0,216069.5,47.2574796535374,58.611545740168715,2769.8339302784,12.664167382305385,Ampere A2,10.2109,0.2160695,2.20626405755
54,0.2877428531646728,444.8584028923839,0.0022479910403489503,2576823091.2,Torch,uni,py,8,11398800.0,290324.8,39.26223319537291,39.0267750019637,1532.278340990449,11.330440647090112,Ampere A2,11.3988,0.2903248,3.3093543302399997
0,6.772869038581848,75.60484421028085,0.01322825984098012,894304256.0,Tf,uni,py,8,285913000.0,6802864.4,42.028325597670296,0.26443304155558106,11.113677969280241,1.798902124582183,Tesla V100,285.913,6.802864400000001,1945.0273691972002
1,3.4256641626358033,149.52364423189076,0.00669075031764801,894304256.0,Tf,uni,py,16,154734400.0,3458567.1,44.73945293702701,0.9663245162800951,43.23283021800871,3.3420981799297516,Tesla V100,154.7344,3.4585671000000002,535.15930507824
2,1.759387159347534,291.20156889200086,0.00343630304560062,1162739712.0,Tf,uni,py,32,89858400.0,1806421.8,49.74386380855236,3.240671644409436,161.20352892774036,5.854019905103052,Tesla V100,89.8584,1.8064218,162.32217267312
3,1.0764629125595093,476.35869077855233,0.00210246662609274,1699610624.0,Tf,uni,py,64,62803400.0,1124394.4,55.85531197949759,7.584918822524773,423.65800717128474,8.528440248501447,Tesla V100,62.8034,1.1243944,70.61579126096
4,0.6616338729858399,774.3167191025694,0.0012922536581754201,2773352448.0,Tf,uni,py,128,46991900.0,687542.7,68.34760953756036,16.477663578245814,1126.2089163372245,11.329097306278788,Tesla V100,46.9919,0.6875427,32.30893780413
5,0.4517741441726685,1134.4840017161637,0.00088237137533719,4920836096.0,Tf,uni,py,256,55902300.0,477629.6,117.04111302984572,20.294048754991543,2375.238054166165,9.693038389227109,Tesla V100,55.9023,0.4776296,26.70059318808
6,0.3850943803787231,1329.5517135311534,0.00075213746167715,9215803392.0,Tf,uni,py,512,51733200.0,414236.5,124.88807722158718,25.70016379290578,3209.644040375856,10.645945899000017,Tesla V100,51.7332,0.4142365,21.429779701799998
7,0.6153126001358032,851.5643893775111,0.0012017824221402002,1701707776.0,Tfxla,uni,py,16,54979500.0,642967.7,85.5089610255694,15.488761981784322,1324.4279446347168,9.958773667275308,Tesla V100,54.9795,0.6429676999999999,35.350042662149995
8,0.4734589338302612,1097.242219906419,0.00092472448013718,1701707776.0,Tfxla,uni,py,32,47404700.0,492758.9,96.20262566541162,23.146274945446738,2226.7324241255087,11.405532981215895,Tesla V100,47.4047,0.4927589,23.35908782683
9,0.3915602445602417,1316.5560919096595,0.00076476610265667,2775449600.0,Tfxla,uni,py,64,42079200.0,438296.2,96.00630806290356,31.287574191278814,3003.804486348865,13.71322487525558,Tesla V100,42.0792,0.4382962,18.44315345904
10,0.37994523048400874,1355.9508428755255,0.0007420805282890299,4925030400.0,Tfxla,uni,py,128,39366500.0,426116.7,92.38431631522538,34.44428239430799,3182.111479966698,14.67728394773062,Tesla V100,39.3665,0.4261167,16.774723070550003
11,0.329440951347351,1555.5202186336421,0.00064343935810025,9219997696.0,Tfxla,uni,py,256,38250900.0,360434.5,106.12441372843055,40.666238405727505,4315.680709348418,14.657515306649188,Tesla V100,38.2509,0.3604345,13.78694401605
12,0.3166020631790161,1617.2485235689571,0.00061836340464646,17809932288.0,Tfxla,uni,py,512,35292400.0,358502.5,98.44394390555156,45.82427161567241,4511.122024446014,16.4281159348976,Tesla V100,35.2924,0.3585025,12.652413631
13,0.8633666276931763,599.0208241079816,0.0016862629447131898,1164836864.0,Tfxla,uni,py,8,50722600.0,885734.9,57.26611879017074,11.809742089482432,676.2980933775801,10.460300728653515,Tesla V100,50.7226,0.8857349,44.92677703874
14,0.3836235046386719,1334.6516300688686,0.00074926465749735,9215803392.0,Keras,uni,py,512,51976800.0,405341.3,128.22971653764372,25.677833765619827,3292.6613450661666,10.408286519740235,Tesla V100,51.9768,0.4053413,21.06834368184
15,0.4443230628967285,1152.850979689796,0.00086781848222012,9215803392.0,Keras,uni,py,256,55626200.0,475795.3,116.91204179612537,20.724963770485783,2422.997830558217,9.860840354667411,Tesla V100,55.6262,0.4757953,26.46668451686
16,0.6662311315536499,772.5136890722747,0.0013012326788156801,9215803392.0,Keras,uni,py,128,46354300.0,687533.8,67.42112169612606,16.665415917666206,1123.6010347015297,11.458036734453536,Tesla V100,46.3543,0.6875338000000001,31.870148025340004
17,1.070341205596924,478.64302887517215,0.00209051016718144,9215803392.0,Keras,uni,py,64,62764500.0,1105508.1,56.77434656516763,7.626015165820999,432.96202793554573,8.43062153653796,Tesla V100,62.7645,1.1055081,69.38666314245
18,1.833848524093628,279.4478075135178,0.0035817353986203103,9215803392.0,Keras,uni,py,32,94022700.0,1860594.1,50.533697811897824,2.97213127801603,150.1927838605517,5.529929920302085,Tesla V100,94.0227,1.8605941000000001,174.93808088607003
19,3.428472113609314,149.3991370231676,0.0066962345968931206,9215803392.0,Keras,uni,py,16,158585000.0,3464634.2,45.77250897078832,0.9420760918319362,43.121186364542496,3.2639490467632664,Tesla V100,158.585,3.4646342000000003,549.4390146070001
20,6.619576263427734,77.35536026303416,0.01292885988950726,9215803392.0,Keras,uni,py,8,292896200.0,6650602.3,44.040552537625054,0.26410503196365864,11.631331535646652,1.7564575330190817,Tesla V100,292.8962,6.6506023,1947.93614138126
21,0.4049968957901001,1270.0577555450961,0.00079100956208999,17812029440.0,Kerasxla,uni,py,64,45327000.0,450038.4,100.71807205785106,28.01989444580705,2822.1097478461747,12.610028464559893,Tesla V100,45.327,0.4500384,20.398890556799998
22,0.4339468240737915,1208.9999351259453,0.00084755239076908,17809932288.0,Kerasxla,uni,py,32,48263500.0,483300.6,99.86228032822638,25.04998467011189,2501.548591344487,12.106672621055878,Tesla V100,48.2635,0.48330059999999997,23.325778508099997
23,0.623089075088501,842.4846167059002,0.0012169708497821899,17809932288.0,Kerasxla,uni,py,16,49590200.0,670326.8,73.97913972707043,16.988933634183773,1256.826695137208,11.38813751841478,Tesla V100,49.5902,0.6703268,33.24164007736
24,0.8488507747650147,612.3987046915782,0.00165791166946288,17809932288.0,Kerasxla,uni,py,8,58272900.0,890377.1,65.44743794511336,10.509150989423526,687.797007236123,9.35710738142505,Tesla V100,58.2729,0.8903770999999999,51.884855710589996
25,0.368706464767456,1393.8867172417836,0.0007201298139989,17812029440.0,Kerasxla,uni,py,128,39019500.0,404141.6,96.54908081721852,35.7228236456588,3449.0057871839563,14.43707910467438,Tesla V100,39.0195,0.4041416,15.7694031612
26,0.33500459194183346,1533.20803509537,0.00065430584363634,17812029440.0,Kerasxla,uni,py,256,34576200.0,357878.7,96.61429976134372,44.34287270131969,4284.155595444406,15.86936963661378,Tesla V100,34.5762,0.3578787,12.37408550694
27,0.31599202156066897,1620.3240005032399,0.00061717191711063,17812029440.0,Kerasxla,uni,py,512,34246300.0,364492.1,93.9562201759654,47.313841217978,4445.429682847008,17.245521344607358,Tesla V100,34.2463,0.3644921,12.482505804229998
28,0.8567693710327149,610.4076958806087,0.0016733776777982199,14418837504.0,Tftrtfp16,uni,py,8,63377300.0,891716.6,71.07336568591411,9.63133008002248,684.5310448191822,8.588416912435374,Tesla V100,63.3773,0.8917166,56.51459047317999
29,0.7061094284057617,753.6510500469292,0.00137911997735496,14423031808.0,Tftrtfp16,uni,py,16,43033000.0,755444.7,56.96379893855897,17.513328144608305,997.6257031744735,13.230350926205176,Tesla V100,43.033,0.7554447,32.5090517751
30,0.5276365995407104,977.8069128954015,0.0010305402334779,14425128960.0,Tftrtfp16,uni,py,32,35632600.0,561586.1,63.44993225437738,27.441357433793815,1741.1522701423728,15.410684899950278,Tesla V100,35.6326,0.5615861,20.01077286686
31,0.4997316122055054,1032.467877648419,0.00097603830508883,14429323264.0,Tftrtfp16,uni,py,64,29210700.0,543070.1,53.78808371147666,35.34553700008624,1901.1687029877342,19.195104313190534,Tesla V100,29.2107,0.5430701,15.86345777007
32,0.49289851188659667,1039.5675660582212,0.00096269240602845,14433517568.0,Tftrtfp16,uni,py,128,29496000.0,521413.6,56.56929546908635,35.24435740636769,1993.7484677388954,18.376887274940838,Tesla V100,29.496,0.5214135999999999,15.379615545599997
33,0.44756464958190917,1143.9899804239044,0.00087414970621461,14433517568.0,Tftrtfp16,uni,py,512,40850000.0,472765.3,86.4065107993332,28.00465068357171,2419.784151721593,13.239627081813984,Tesla V100,40.85,0.4727653,19.312462505
34,0.4602583646774292,1112.8120019551147,0.00089894211851056,14431420416.0,Tftrtfp16,uni,py,256,28082900.0,497009.8,56.50371481608613,39.625964624562094,2239.0142044585737,19.694492752860675,Tesla V100,28.0829,0.4970098,13.95747651242
35,0.9530649423599243,543.70101985313,0.00186145496554667,5814222848.0,Tftrtfp32,uni,py,8,54782900.0,999435.1,54.813864351972434,9.92464838212526,544.0083301588367,9.919041948254199,Tesla V100,54.7829,0.9994351,54.75195313979
36,0.46596765518188477,1098.8062264918954,0.00091009307652706,14402060288.0,Tftrtfp32,uni,py,512,43542500.0,496672.1,87.668504029117,25.23525811544802,2212.337327769962,12.533648642241609,Tesla V100,43.5425,0.49667209999999995,21.626344914249998
37,0.48769316673278806,1050.5922346020975,0.0009525257162749301,5820514304.0,Tftrtfp32,uni,py,256,43225700.0,517381.5,83.54705376980043,24.304805580987644,2030.5948987393201,12.574856768699757,Tesla V100,43.2257,0.5173815,22.364177504550003
38,0.5235472917556763,980.7947648144988,0.0010225533042102501,5818417152.0,Tftrtfp32,uni,py,128,44903900.0,553800.7,81.08314055941064,21.84208420236324,1771.0247834907013,12.096161520727705,Tesla V100,44.9039,0.5538006999999999,24.867811252729997
39,0.5318320512771606,966.9144289037189,0.00103873447515065,5816320000.0,Tftrtfp32,uni,py,64,42200900.0,552509.7,76.38037848023302,22.912175543737668,1750.0406398362218,12.659199236017834,Tesla V100,42.2009,0.5525097,23.316406598729998
40,0.5360549926757813,964.374991703307,0.00104698240756984,5810028544.0,Tftrtfp32,uni,py,32,49416600.0,560742.8,88.12703435514463,19.51520322529893,1719.816985083548,10.943009699123154,Tesla V100,49.4166,0.5607428000000001,27.710002650480007
41,0.76636643409729,669.4170604770783,0.00149680944159622,5810028544.0,Tftrtfp32,uni,py,16,55856600.0,795628.9,70.2043377257915,11.984565127076806,841.3684576780435,9.53526636903448,Tesla V100,55.8566,0.7956289,44.44112521574
42,0.3616899013519287,1581.2456701702952,0.00070642558857794,1401815040.0,Onnxrt,uni,py,16,49027100.0,387450.6,126.53767990035377,32.25248220209426,4081.1542688804598,12.496243580690738,Tesla V100,49.0271,0.3874506,18.99557931126
43,0.1686212301254272,3036.4717350419683,0.00032933834008869,18044813312.0,Onnxrt,uni,py,512,34266400.0,208721.8,164.17259720834144,88.61367797731796,14547.9376617199,18.495606372046165,Tesla V100,34.2664,0.20872179999999999,7.152144687519999
44,0.1765703201293945,2911.127939640874,0.00034486390650266,9454878720.0,Onnxrt,uni,py,256,33937100.0,216469.4,156.775507300339,85.78010318032106,13448.219192370258,18.56876746738219,Tesla V100,33.9371,0.2164694,7.346343674740001
45,0.1943564653396606,2670.985312586863,0.00037960247136647996,5159911424.0,Onnxrt,uni,py,128,38527700.0,238032.9,161.85871784950737,69.3263629177673,11221.076215039446,16.50195521176861,Tesla V100,38.5277,0.2380329,9.170860161330001
46,0.24454150199890137,2284.628593678752,0.00047762012109156,3012427776.0,Onnxrt,uni,py,64,40364200.0,288090.7,140.10934750757312,56.60036848689562,7930.240697387149,16.3060397776477,Tesla V100,40.3642,0.28809070000000003,11.62855063294
47,0.27030732631683346,2069.762995861399,0.0005279439967125199,1938685952.0,Onnxrt,uni,py,32,43281900.0,297641.4,145.41626265700938,47.820520722551436,6953.8814017855,14.233366736589222,Tesla V100,43.2819,0.2976414,12.88248531066
48,0.47742252349853515,1206.4548556332059,0.0009324658662080299,1133379584.0,Onnxrt,uni,py,8,54398900.0,498504.4,109.12421234396324,22.17792741458386,2420.148860538053,11.055794399050681,Tesla V100,54.3989,0.4985044,27.11809100516
49,0.16951904296874998,849.3225924960077,0.00132436752319331,1654731571.2,Torch,uni,py,8,16541600.0,184866.1,89.47881737105938,51.34464577163078,4594.258181981487,9.491884419682872,Tesla V100,16.5416,0.1848661,3.0579810797599998
50,0.11062567234039303,1304.5331499632928,0.00086426306515927,2364407808.0,Torch,uni,py,16,13013900.0,121638.3,106.98850608730967,100.24152252309399,10724.69074266323,12.193208389120862,Tesla V100,13.0139,0.1216383,1.58298867237
51,0.08316228389739985,1716.3324825654047,0.0006497053429483899,3755448729.6,Torch,uni,py,32,12443000.0,106404.1,116.94098253732705,137.93558487224985,16130.32282182176,14.676911766305357,Tesla V100,12.443,0.1064041,1.3239862163
52,0.059250283241271906,2195.4348730107145,0.00046289283782238006,6586813644.8,Torch,uni,py,64,11178800.0,87466.1,127.80723045842905,196.392714156324,25100.408878533675,17.17770477566845,Tesla V100,11.1788,0.0874661,0.9777660386800001
53,0.08813312053680417,2240.6661852983607,0.00068854000419375,12186628915.2,Torch,uni,py,128,12828800.0,113396.3,113.13243906547216,174.65906283505555,19759.605783419396,19.80569148696281,Tesla V100,12.8288,0.1133963,1.45473845344
54,0.05156345367431634,2483.3573822916305,0.00040283948183055,13477216256.0,Torch,uni,py,256,12811100.0,86574.5,147.97775326452938,193.8441962276175,28684.628641131403,16.78196436630787,Tesla V100,12.8111,0.0865745,1.10911457695
0,0.9370229482650757,547.2036414352411,0.0018301229458301802,8860860416.0,Tf,work,py,512,124117600.0,942016.7,131.75732447206084,4.4087513892892,580.8852873152262,4.153117434858627,Titan X,124.1176,0.9420166999999999,116.92085196391999
1,0.8662447690963745,591.0629569424711,0.00169188431464132,2418409472.0,Tf,work,py,128,147923000.0,869191.0,170.18468898090293,3.995747496619668,680.0150449584397,3.4730677623343458,Titan X,147.923,0.869191,128.573340293
2,1.2060072422027588,424.54288218409494,0.00235548289492722,1344667648.0,Tf,work,py,64,175629800.0,1208790.9,145.29378075232037,2.417259953516402,351.2128377075762,2.921961834745049,Titan X,175.6298,1.2087909,212.29970400881996
3,1.8447474479675292,277.6239508174547,0.0036030223593115397,807796736.0,Tf,work,py,32,159048100.0,1848286.4,86.05165303385883,1.7455345321161002,150.20613191627376,3.226247736440551,Titan X,159.0481,1.8482863999999999,293.96644017584
4,3.4871705293655397,146.82440422876292,0.00681087994016701,539361280.0,Tf,work,py,16,253742500.0,3489619.8,72.7135087896968,0.578635444313676,42.07461346613259,2.019217703458801,Titan X,253.7425,3.4896198,885.4648521015
5,7.032929253578186,72.87869585893125,0.01373618994839484,539361280.0,Tf,work,py,8,462997900.0,7037299.4,65.79198548806947,0.1574061045610169,10.35606014701197,1.1077138851835815,Titan X,462.9979,7.0372994,3258.25484387126
6,0.8939989566802978,572.8936194200539,0.0017460917122661401,4565893120.0,Tf,work,py,256,136645700.0,901017.3,151.6571324435169,4.1925477305180765,635.829766442946,3.777558036272525,Titan X,136.6457,0.9010173,123.12013967061
7,0.5429773330688477,943.2484476313632,0.00106050260365003,8862957568.0,Tfxla,work,py,512,74124300.0,547570.5,135.36941818450774,12.725225703734987,1722.6063997811482,6.9679582012070185,Titan X,74.1243,0.5475705,40.58828001315
8,0.5452187538146973,939.552512683772,0.00106488037854429,8862957568.0,Tfxla,work,py,256,80086500.0,550218.2,145.5540729114377,11.731721484691827,1707.5998443595142,6.4550066782084645,Titan X,80.0865,0.5502182,44.0650498743
9,0.5569063901901246,919.4328569810968,0.00108770779334003,4567990272.0,Tfxla,work,py,128,81444300.0,559798.6,145.48857392640855,11.28910012095502,1642.4350775101918,6.3196224429704495,Titan X,81.4443,0.5597985999999999,45.59240511797999
10,0.5780965328216553,885.6789981117059,0.00112909479066723,2420506624.0,Tfxla,work,py,64,90598800.0,582364.2,155.57068926970445,9.775835862193604,1520.8335232689542,5.693096831217688,Titan X,90.5988,0.5823642,52.76149768296
11,0.5165093421936036,991.5669103255939,0.00100880730897183,809893888.0,Tfxla,work,py,16,83350100.0,519127.7,160.55798987416776,11.896409366342619,1910.0635745801926,6.175755632607901,Titan X,83.3501,0.5191277,43.26934570776999
12,0.8958520412445068,571.7309915627407,0.0017497110180556298,809893888.0,Tfxla,work,py,8,93435300.0,898913.7,103.9424585474668,6.119004183244884,636.0243386687073,5.500456690676136,Titan X,93.4353,0.8989136999999999,83.99027123360999
13,0.33360488414764405,1534.9812366298884,0.00065157203935082,1346764800.0,Tfxla,work,py,32,66314600.0,336160.7,197.27053162371448,23.14695763270665,4566.212637675636,7.7810974806810105,Titan X,66.3146,0.33616070000000003,22.292362356220004
14,6.743859004974365,75.92672460397901,0.01317159961909051,8860860416.0,Keras,work,py,8,507448800.0,6747192.1,75.20888578227972,0.14962440467684426,11.25308476158238,1.0095446012028066,Titan X,507.4488,6.7471920999999995,3423.85453451448
15,3.4320156812667846,149.18647318062722,0.006703155627474119,8860860416.0,Keras,work,py,16,265365600.0,3434927.8,77.2550736000914,0.5621922102210204,43.432200578022986,1.9310896518316272,Titan X,265.3656,3.4349277999999996,911.5116766036798
16,1.7724271535873413,288.93488536922683,0.00346177178435024,8860860416.0,Keras,work,py,32,171379600.0,1775341.9,96.53329310821763,1.6859351134512324,162.74886846822398,2.9931112475912265,Titan X,171.3796,1.7753419,304.25738468524
17,1.181968879699707,433.48147576211875,0.00230853296816344,8860860416.0,Keras,work,py,64,177127300.0,1184463.0,149.54228202991567,2.447287774172128,365.9729985336129,2.898721818859241,Titan X,177.1273,1.184463,209.8007331399
18,0.9580748796463012,534.5094007651303,0.0018712399993091398,8860860416.0,Keras,work,py,256,119567200.0,961425.6,124.364485405839,4.47036813411312,555.9550325736388,4.297926365560587,Titan X,119.5672,0.9614256,114.95496700032
19,0.8919502019882202,574.0256601638908,0.0017420902382582,8860860416.0,Keras,work,py,128,154386100.0,895488.9,172.40425872392166,3.7181174999814806,641.0192914327479,3.329532950129166,Titan X,154.3861,0.8954889,138.25103886429
20,0.9764195203781127,524.8850805756986,0.00190706937573844,8860860416.0,Keras,work,py,512,130590700.0,979140.7,133.3727624640667,4.019314396627773,536.0670642898397,3.9354743118341955,Titan X,130.5907,0.9791407,127.86666941149
21,0.5825180530548095,878.9873180789484,0.00113773057237262,8865054720.0,Kerasxla,work,py,64,91221700.0,585516.1,155.79708226639713,9.635726127434026,1501.218016172311,5.641872782803273,Titan X,91.2217,0.5855161,53.41177401937
22,0.5175886392593384,989.8803490230226,0.00101091531105333,8865054720.0,Kerasxla,work,py,16,90847000.0,520637.9,174.49171487515602,10.896125893238331,1901.2836926067475,5.672936103191229,Titan X,90.847,0.5206379,47.29839130129999
23,0.3666048049926757,1398.7181570674989,0.00071602500975126,8865054720.0,Kerasxla,work,py,32,75944600.0,369665.9,205.4411835119225,18.417611746819375,3783.735954729659,6.808363022238558,Titan X,75.9446,0.36966590000000005,28.07412890914
24,0.564137601852417,907.7518605235673,0.00110183125361794,8865054720.0,Kerasxla,work,py,128,77081200.0,571582.0,134.85589119321463,11.776566277167031,1588.1393405033177,6.7312733058356855,Titan X,77.0812,0.571582,44.0582264584
25,0.5436469078063965,941.828967703335,0.00106181036680932,8865054720.0,Kerasxla,work,py,256,77806200.0,548960.3,141.73374650225162,12.104806142741003,1715.6595252941515,6.645058011560944,Titan X,77.8062,0.5489603000000001,42.71251489386001
26,0.5460708141326904,937.706861275059,0.00106654455885286,8865054720.0,Kerasxla,work,py,512,68052300.0,551528.4,123.38856892954198,13.779208950690265,1700.1968734068073,7.599625065839881,Titan X,68.0523,0.5515284,37.532776135320006
27,0.8964703559875489,571.1746901287509,0.0017509186640381198,8865054720.0,Kerasxla,work,py,8,94881500.0,900938.7,105.31404633855776,6.019874160176124,633.9773062570748,5.423537600032669,Titan X,94.8815,0.9009387,85.48241526405
28,0.7683317184448242,666.3831357579743,0.00150064788758751,8856666112.0,Tftrtfp16,work,py,512,94890300.0,771789.1,122.94848424265126,7.022668657997438,863.4264668391589,5.42001912315405,Titan X,94.8903,0.7717891,73.23529923573
29,0.7738476276397706,661.6330617227569,0.00151142114773389,8856666112.0,Tftrtfp16,work,py,256,91588700.0,776882.3,117.8926331569145,7.223959524731293,851.6516101895446,5.612166290680153,Titan X,91.5887,0.7768823,71.15363991001
30,0.7963890552520752,642.9072150501719,0.0015554473735391598,8856666112.0,Tftrtfp16,work,py,128,73138100.0,800343.3,91.38341009414334,8.790318794857564,803.2893072887246,7.035272752328325,Titan X,73.1381,0.8003433000000001,58.53558830973
31,0.8059100866317749,635.5443390375806,0.0015740431379526298,8856666112.0,Tftrtfp16,work,py,64,78401300.0,808370.2,96.98687556765452,8.106298480223932,786.2045620157455,6.552890123718316,Titan X,78.4013,0.8083701999999999,63.37727456126
32,0.3439999341964722,1488.8892708514848,0.00067187487147743,8856666112.0,Tftrtfp16,work,py,32,53052900.0,348003.1,152.44950404177436,28.064239105713067,4278.379332975725,9.766442207929373,Titan X,53.0529,0.34800309999999995,18.462573663989996
33,0.4191985845565796,1221.7071798237753,0.00081874723546203,8856666112.0,Tftrtfp16,work,py,16,67495700.0,421768.6,160.03016820123642,18.100518697098856,2896.629051626355,7.634230430149208,Titan X,67.4957,0.4217686,28.46756689502
34,0.579205584526062,883.9740333404468,0.00113126090727742,8856666112.0,Tftrtfp16,work,py,8,84968600.0,582188.5,145.94688833599426,10.40353769910822,1518.3639548710541,6.056820007737267,Titan X,84.9686,0.5821885,49.467741781099996
35,0.7688345909118652,665.9523384866496,0.00150163006037467,8856666112.0,Tftrtfp32,work,py,512,93290400.0,772034.9,120.83702433659413,7.13848733081485,862.5935673201427,5.5111613525969085,Titan X,93.2904,0.7720349,72.02344463496
36,0.7762462854385376,659.6173376634704,0.00151610602624711,4563795968.0,Tftrtfp32,work,py,256,89797200.0,780373.1,115.06957377182786,7.345633690844151,845.2589378894152,5.732334934788492,Titan X,89.7972,0.7803730999999999,70.07531933532
37,0.7957713365554809,643.4032253537247,0.00155424089170987,2414215168.0,Tftrtfp32,work,py,128,74247600.0,799601.7,92.85573054684602,8.665643406032313,804.6546491255893,6.929063199057226,Titan X,74.2476,0.7996017,59.368507180920005
38,0.7347358703613281,696.9145069414208,0.0014350309967994198,1340473344.0,Tftrtfp32,work,py,64,69399700.0,739722.3,93.81858570439204,10.042039186645198,942.1299140791358,7.428320323835316,Titan X,69.3997,0.7397223,51.33650570331
39,0.34994542598724365,1465.3566103345806,0.00068348716013128,803602432.0,Tftrtfp32,work,py,32,52642600.0,355244.4,148.18699464368754,27.83594674910777,4124.925291812005,9.888564201318742,Titan X,52.6426,0.3552444,18.700988851440002
40,0.47181475162506104,1100.895615456352,0.0009215131867676399,803602432.0,Tftrtfp32,work,py,16,68525500.0,475116.0,144.2289882891757,16.06548825555964,2317.109117471001,7.632970518028473,Titan X,68.5255,0.475116,32.557561457999995
41,0.5952926397323608,861.0114998558435,0.0011626809369772201,535166976.0,Tftrtfp32,work,py,8,84355800.0,598342.4,140.9824876191291,10.206903376600582,1438.9946289212387,6.107223062923297,Titan X,84.3558,0.5983424,50.47365182592001
42,0.44781901836395266,1143.3996505178861,0.00087464652024205,715522048.0,Onnxrt,work,py,8,96393400.0,450829.6,213.8133787133764,11.861804340524207,2536.2124636844746,5.347652506116792,Titan X,96.3934,0.4508296,43.45699796464
43,0.390459132194519,1311.6857510910081,0.00076261549256736,983957504.0,Onnxrt,work,py,16,89369900.0,394365.3,226.61704769664067,14.677041723119395,3326.067864213733,5.788115962250497,Titan X,89.3699,0.3943653,35.24438742447
44,0.3653817415237427,1401.3019240281385,0.0007136362139135,1520828416.0,Onnxrt,work,py,32,87944600.0,368683.3,238.53697740038675,15.933916625104196,3800.828309902126,5.874568963268278,Titan X,87.9446,0.3686833,32.42370534518
45,0.3531419515609741,1450.062727259328,0.0006897303741424801,2594570240.0,Onnxrt,work,py,64,84839000.0,358239.3,236.8221465372448,17.091935634075462,4047.7488853381756,6.123003057196249,Titan X,84.839,0.3582393,30.3926639727
46,0.3431601762771606,1492.0674042584812,0.00067023471929127,4742053888.0,Onnxrt,work,py,128,80984100.0,346407.0,233.78309329776823,18.424201840342505,4307.266897777704,6.382272486907525,Titan X,80.9841,0.346407,28.053459128700002
47,0.34626352787017817,1478.8061599119167,0.0006762959528714,9037021184.0,Onnxrt,work,py,256,76899800.0,348678.9,220.5461816014677,19.230299167382967,4241.169052420197,6.705199560354009,Titan X,76.8998,0.3486789,26.81333767422
48,0.37456300258636477,1368.3413223272314,0.00073156836442645,9037021184.0,Onnxrt,work,py,512,66045300.0,377839.1,174.79742038343835,20.718224042092796,3621.492117483954,7.828155125662704,Titan X,66.0453,0.3778391,24.954496711229996
49,0.19345724582672116,661.7730009432041,0.00151138473302119,1061788057.6,Torch,work,py,8,29726200.0,197259.1,150.6962162962317,22.26228044429507,3354.841429080859,4.3914374043892455,Titan X,29.7262,0.1972591,5.863763458419999
50,0.1258515357971191,1017.4723034453497,0.00098321512341493,1804992512.0,Torch,work,py,16,24072100.0,128104.6,187.90972377260456,42.267700094522276,7942.511849264972,5.414686813528738,Titan X,24.0721,0.1281046,3.08374674166
51,0.1091332912445068,1173.4729407281354,0.0008526038378476499,3413455667.2,Torch,work,py,32,22898000.0,112388.0,203.7406128768196,51.24783565063043,10441.265444069966,5.759641753103052,Titan X,22.898,0.112388,2.573460424
52,0.11569306850433345,1106.4030522500943,0.00090385209769007,6625086668.8,Torch,work,py,64,23969900.0,118684.9,201.96250744618732,46.15801702343749,9322.188856797238,5.478259634624977,Titan X,23.9699,0.1186849,2.8448651845099997
53,0.1253836870193481,1077.0022089349386,0.0009795600548386202,11530534912.0,Torch,work,py,128,25590700.0,127865.7,200.1373315908801,42.085687727765894,8422.917240002118,5.381315921292195,Titan X,25.5907,0.1278657,3.2721727689899995
54,0.12619867324829098,1072.2903317562627,0.00098592713475221,12072229273.6,Torch,work,py,256,26145000.0,132295.3,197.62606834861103,41.01320832879184,8105.2791123816405,5.4258546998200154,Titan X,26.145,0.13229529999999998,3.4588606184999993
